{"cameraMode":{"drawMode":0,"name":"Shaded","section":"Shading Mode"},"sceneLighting":false,"audioPlay":false,"sceneViewState":{"m_AlwaysRefresh":false,"showFog":true,"showSkybox":false,"showFlares":true,"showImageEffects":true,"showParticleSystems":true,"showVisualEffectGraphs":true,"m_FxEnabled":true},"in2DMode":false,"pivot":{"x":0.06829586625099182,"y":-0.17095652222633363,"z":-0.05925178527832031},"rotation":{"x":-0.23507636785507203,"y":0.10820573568344116,"z":-0.0263444222509861,"w":-0.9655834436416626},"size":0.6755028367042542,"orthographic":false}