{"cameraMode":{"drawMode":0,"name":"Shaded","section":"Shading Mode"},"sceneLighting":false,"audioPlay":false,"sceneViewState":{"m_AlwaysRefresh":false,"showFog":true,"showSkybox":false,"showFlares":true,"showImageEffects":true,"showParticleSystems":true,"showVisualEffectGraphs":true,"m_FxEnabled":true},"in2DMode":false,"pivot":{"x":-1.7964069843292237,"y":6.12238073348999,"z":13.170135498046875},"rotation":{"x":-0.20288784801959992,"y":0.006459859665483236,"z":-0.0013389969244599343,"w":-0.9791842699050903},"size":16.162872314453126,"orthographic":false}